trade_number,entry_month_ui,close_month_ist,trade_name,signal_id,entry_time_ui,entry_time_raw_utc,entry_time_ist_from_raw,ui_vs_raw_entry_minutes,trade_closed_time_raw_utc,trade_closed_time_ist,trade_duration_minutes_raw,capital_allocated_pct,lots_bought,margin_required,trade_pnl,trade_pnl_pct,signal_pnl,signal_pnl_pct,exit_event_number,exit_event_name,exit_event_id,exit_event_time_raw_utc,exit_event_time_ist,exit_event_lots,exit_event_pnl,leg_number,entry_side,exit_side,symbol,underlying,exchange,exchange_token,instrument_type,product_type,expiry_raw_utc,expiry_date_ist,expiry_time_ist,days_to_expiry_from_raw_entry,strike_price,option_type,leg_quantity_lots,lot_size_multiplier,trade_leg_total_qty,exit_event_qty,entry_price,exit_event_price,final_exit_price,avg_exit_price,target_price,stop_loss,event_entry_value,event_exit_value,event_leg_realized_pnl,spread_type,short_strike,long_strike,strike_width,entry_short_price,entry_long_price,entry_net_credit,exit_event_short_price,exit_event_long_price,exit_event_net_debit,source_url
1,2025-09,2025-09,Credit Spread 25300 / 25600 Short:22/09/2025 05:33,6981b86ba2d779f2330d2bbf,2025-09-22 05:33:00,2025-09-22T05:33:00Z,2025-09-22 11:03:00,330,2025-09-22T08:59:59Z,2025-09-22 14:29:59,207,100,4,70000,10024.55,3.13,2454.022589,1.795249,1,Target 1,6a9b2a7ec750fabcd3cdfdc7,2025-09-22T08:59:59Z,2025-09-22 14:29:59,2,4908.05,2,BUY,SELL,NIFTY23SEP2525600CE,NIFTY,NSE,,OPT,INTRADAY,2025-09-23T00:00:00.000Z,2025-09-23,2025-09-23 05:30:00,0.76875,25600,CE,1,75,300,150,3.48,3.12,3.12,3.12,0,0,522,468,-54,CALL_CREDIT_SPREAD,25300,25600,300,73.71,3.48,70.23,39.24,3.12,36.12,https://algos.dhan.co/managers/stratzy/ratio-fluxer-credit-spread-expiry/698075eaf867bf12b20442e5?tab=past-trades
1,2025-09,2025-09,Credit Spread 25300 / 25600 Short:22/09/2025 05:33,6981b86ba2d779f2330d2bbf,2025-09-22 05:33:00,2025-09-22T05:33:00Z,2025-09-22 11:03:00,330,2025-09-22T08:59:59Z,2025-09-22 14:29:59,207,100,4,70000,10024.55,3.13,2454.022589,1.795249,1,Target 1,6a9b2a7ec750fabcd3cdfdc7,2025-09-22T08:59:59Z,2025-09-22 14:29:59,2,4908.05,1,SELL,BUY,NIFTY23SEP2525300CE,NIFTY,NSE,,OPT,INTRADAY,2025-09-23T00:00:00.000Z,2025-09-23,2025-09-23 05:30:00,0.76875,25300,CE,1,75,300,150,73.71,39.24,39.24,39.24,0,0,11056.5,5886,5170.5,CALL_CREDIT_SPREAD,25300,25600,300,73.71,3.48,70.23,39.24,3.12,36.12,https://algos.dhan.co/managers/stratzy/ratio-fluxer-credit-spread-expiry/698075eaf867bf12b20442e5?tab=past-trades
1,2025-09,2025-09,Credit Spread 25300 / 25600 Short:22/09/2025 05:33,6981b86ba2d779f2330d2bbf,2025-09-22 05:33:00,2025-09-22T05:33:00Z,2025-09-22 11:03:00,330,2025-09-22T08:59:59Z,2025-09-22 14:29:59,207,100,4,70000,10024.55,3.13,2454.022589,1.795249,2,Final Exit,6a9b2a7ec750fabcd3cdfdca,2025-09-22T08:59:59Z,2025-09-22 14:29:59,2,5116.5,2,BUY,SELL,NIFTY23SEP2525600CE,NIFTY,NSE,,OPT,INTRADAY,2025-09-23T00:00:00.000Z,2025-09-23,2025-09-23 05:30:00,0.76875,25600,CE,1,75,300,150,3.48,3.12,3.12,3.12,0,0,522,468,-54,CALL_CREDIT_SPREAD,25300,25600,300,73.71,3.48,70.23,39.24,3.12,36.12,https://algos.dhan.co/managers/stratzy/ratio-fluxer-credit-spread-expiry/698075eaf867bf12b20442e5?tab=past-trades
1,2025-09,2025-09,Credit Spread 25300 / 25600 Short:22/09/2025 05:33,6981b86ba2d779f2330d2bbf,2025-09-22 05:33:00,2025-09-22T05:33:00Z,2025-09-22 11:03:00,330,2025-09-22T08:59:59Z,2025-09-22 14:29:59,207,100,4,70000,10024.55,3.13,2454.022589,1.795249,2,Final Exit,6a9b2a7ec750fabcd3cdfdca,2025-09-22T08:59:59Z,2025-09-22 14:29:59,2,5116.5,1,SELL,BUY,NIFTY23SEP2525300CE,NIFTY,NSE,,OPT,INTRADAY,2025-09-23T00:00:00.000Z,2025-09-23,2025-09-23 05:30:00,0.76875,25300,CE,1,75,300,150,73.71,39.24,39.24,39.24,0,0,11056.5,5886,5170.5,CALL_CREDIT_SPREAD,25300,25600,300,73.71,3.48,70.23,39.24,3.12,36.12,https://algos.dhan.co/managers/stratzy/ratio-fluxer-credit-spread-expiry/698075eaf867bf12b20442e5?tab=past-trades
2,2025-09,2025-09,Credit Spread 24650 / 24950 Short:29/09/2025 06:08,6981b86ba2d779f2330d2bc2,2025-09-29 06:08:00,2025-09-29T06:08:00Z,2025-09-29 11:38:00,330,2025-09-30T09:29:59Z,2025-09-30 14:59:59,1642,100,4,70000,31253.71,9.77,7760.10667,5.576816,1,Target 1,6aa464fdae024f12303d8fb9,2025-09-30T09:29:59Z,2025-09-30 14:59:59,2,15520.21,1,SELL,BUY,NIFTY30SEP2524650CE,NIFTY,NSE,,OPT,INTRADAY,2025-09-30T00:00:00.000Z,2025-09-30,2025-09-30 05:30:00,0.744444,24650,CE,1,75,300,150,119.79,5.4,5.4,5.4,0,0,17968.5,810,17158.5,CALL_CREDIT_SPREAD,24650,24950,300,119.79,9.85,109.94,5.4,0.35,5.05,https://algos.dhan.co/managers/stratzy/ratio-fluxer-credit-spread-expiry/698075eaf867bf12b20442e5?tab=past-trades
2,2025-09,2025-09,Credit Spread 24650 / 24950 Short:29/09/2025 06:08,6981b86ba2d779f2330d2bc2,2025-09-29 06:08:00,2025-09-29T06:08:00Z,2025-09-29 11:38:00,330,2025-09-30T09:29:59Z,2025-09-30 14:59:59,1642,100,4,70000,31253.71,9.77,7760.10667,5.576816,1,Target 1,6aa464fdae024f12303d8fb9,2025-09-30T09:29:59Z,2025-09-30 14:59:59,2,15520.21,2,BUY,SELL,NIFTY30SEP2524950CE,NIFTY,NSE,,OPT,INTRADAY,2025-09-30T00:00:00.000Z,2025-09-30,2025-09-30 05:30:00,0.744444,24950,CE,1,75,300,150,9.85,0.35,0.35,0.35,0,0,1477.5,52.5,-1425,CALL_CREDIT_SPREAD,24650,24950,300,119.79,9.85,109.94,5.4,0.35,5.05,https://algos.dhan.co/managers/stratzy/ratio-fluxer-credit-spread-expiry/698075eaf867bf12b20442e5?tab=past-trades
2,2025-09,2025-09,Credit Spread 24650 / 24950 Short:29/09/2025 06:08,6981b86ba2d779f2330d2bc2,2025-09-29 06:08:00,2025-09-29T06:08:00Z,2025-09-29 11:38:00,330,2025-09-30T09:29:59Z,2025-09-30 14:59:59,1642,100,4,70000,31253.71,9.77,7760.10667,5.576816,2,Final Exit,6aa464fdae024f12303d8fbc,2025-09-30T09:29:59Z,2025-09-30 14:59:59,2,15733.5,1,SELL,BUY,NIFTY30SEP2524650CE,NIFTY,NSE,,OPT,INTRADAY,2025-09-30T00:00:00.000Z,2025-09-30,2025-09-30 05:30:00,0.744444,24650,CE,1,75,300,150,119.79,5.4,5.4,5.4,0,0,17968.5,810,17158.5,CALL_CREDIT_SPREAD,24650,24950,300,119.79,9.85,109.94,5.4,0.35,5.05,https://algos.dhan.co/managers/stratzy/ratio-fluxer-credit-spread-expiry/698075eaf867bf12b20442e5?tab=past-trades
2,2025-09,2025-09,Credit Spread 24650 / 24950 Short:29/09/2025 06:08,6981b86ba2d779f2330d2bc2,2025-09-29 06:08:00,2025-09-29T06:08:00Z,2025-09-29 11:38:00,330,2025-09-30T09:29:59Z,2025-09-30 14:59:59,1642,100,4,70000,31253.71,9.77,7760.10667,5.576816,2,Final Exit,6aa464fdae024f12303d8fbc,2025-09-30T09:29:59Z,2025-09-30 14:59:59,2,15733.5,2,BUY,SELL,NIFTY30SEP2524950CE,NIFTY,NSE,,OPT,INTRADAY,2025-09-30T00:00:00.000Z,2025-09-30,2025-09-30 05:30:00,0.744444,24950,CE,1,75,300,150,9.85,0.35,0.35,0.35,0,0,1477.5,52.5,-1425,CALL_CREDIT_SPREAD,24650,24950,300,119.79,9.85,109.94,5.4,0.35,5.05,https://algos.dhan.co/managers/stratzy/ratio-fluxer-credit-spread-expiry/698075eaf867bf12b20442e5?tab=past-trades
3,2025-10,2025-10,Credit Spread 25050 / 25350 Short:06/10/2025 08:15,6981b86ba2d779f2330d2bc5,2025-10-06 08:15:00,2025-10-06T08:15:00Z,2025-10-06 13:45:00,330,2025-10-07T04:17:59Z,2025-10-07 09:47:59,1203,100,4,70000,-13293.71,-4.15,-3323.426782,-2.262227,1,Final Exit,6aa464fdae024f12303d8f7a,2025-10-07T04:17:59Z,2025-10-07 09:47:59,4,-13293.71,2,BUY,SELL,NIFTY07OCT2525350CE,NIFTY,NSE,,OPT,INTRADAY,2025-10-07T00:00:00.000Z,2025-10-07,2025-10-07 05:30:00,0.65625,25350,CE,1,75,300,300,3.94,3.27,3.27,3.27,0,0,1182,981,-201,CALL_CREDIT_SPREAD,25050,25350,300,86.03,3.94,82.09,128.22,3.27,124.95,https://algos.dhan.co/managers/stratzy/ratio-fluxer-credit-spread-expiry/698075eaf867bf12b20442e5?tab=past-trades
3,2025-10,2025-10,Credit Spread 25050 / 25350 Short:06/10/2025 08:15,6981b86ba2d779f2330d2bc5,2025-10-06 08:15:00,2025-10-06T08:15:00Z,2025-10-06 13:45:00,330,2025-10-07T04:17:59Z,2025-10-07 09:47:59,1203,100,4,70000,-13293.71,-4.15,-3323.426782,-2.262227,1,Final Exit,6aa464fdae024f12303d8f7a,2025-10-07T04:17:59Z,2025-10-07 09:47:59,4,-13293.71,1,SELL,BUY,NIFTY07OCT2525050CE,NIFTY,NSE,,OPT,INTRADAY,2025-10-07T00:00:00.000Z,2025-10-07,2025-10-07 05:30:00,0.65625,25050,CE,1,75,300,300,86.03,128.22,128.22,128.22,0,0,25809,38466,-12657,CALL_CREDIT_SPREAD,25050,25350,300,86.03,3.94,82.09,128.22,3.27,124.95,https://algos.dhan.co/managers/stratzy/ratio-fluxer-credit-spread-expiry/698075eaf867bf12b20442e5?tab=past-trades
4,2025-10,2025-10,Credit Spread 25300 / 25600 Short:10/10/2025 05:51,6981b86ba2d779f2330d2bc8,2025-10-10 05:51:00,2025-10-10T05:51:00Z,2025-10-10 11:21:00,330,2025-10-14T09:29:59Z,2025-10-14 14:59:59,5979,100,4,70000,31934.93,9.98,7930.467043,5.523144,1,Target 1,6aa464fdae024f12303d8fc2,2025-10-14T09:29:59Z,2025-10-14 14:59:59,2,15860.93,2,BUY,SELL,NIFTY14OCT2525600CE,NIFTY,NSE,,OPT,INTRADAY,2025-10-14T00:00:00.000Z,2025-10-14,2025-10-14 05:30:00,3.75625,25600,CE,1,75,300,150,10.55,0.15,0.15,0.15,0,0,1582.5,22.5,-1560,CALL_CREDIT_SPREAD,25300,25600,300,117.81,10.55,107.26,0.25,0.15,0.1,https://algos.dhan.co/managers/stratzy/ratio-fluxer-credit-spread-expiry/698075eaf867bf12b20442e5?tab=past-trades
4,2025-10,2025-10,Credit Spread 25300 / 25600 Short:10/10/2025 05:51,6981b86ba2d779f2330d2bc8,2025-10-10 05:51:00,2025-10-10T05:51:00Z,2025-10-10 11:21:00,330,2025-10-14T09:29:59Z,2025-10-14 14:59:59,5979,100,4,70000,31934.93,9.98,7930.467043,5.523144,1,Target 1,6aa464fdae024f12303d8fc2,2025-10-14T09:29:59Z,2025-10-14 14:59:59,2,15860.93,1,SELL,BUY,NIFTY14OCT2525300CE,NIFTY,NSE,,OPT,INTRADAY,2025-10-14T00:00:00.000Z,2025-10-14,2025-10-14 05:30:00,3.75625,25300,CE,1,75,300,150,117.81,0.25,0.25,0.25,0,0,17671.5,37.5,17634,CALL_CREDIT_SPREAD,25300,25600,300,117.81,10.55,107.26,0.25,0.15,0.1,https://algos.dhan.co/managers/stratzy/ratio-fluxer-credit-spread-expiry/698075eaf867bf12b20442e5?tab=past-trades
4,2025-10,2025-10,Credit Spread 25300 / 25600 Short:10/10/2025 05:51,6981b86ba2d779f2330d2bc8,2025-10-10 05:51:00,2025-10-10T05:51:00Z,2025-10-10 11:21:00,330,2025-10-14T09:29:59Z,2025-10-14 14:59:59,5979,100,4,70000,31934.93,9.98,7930.467043,5.523144,2,Final Exit,6aa464fdae024f12303d8fc5,2025-10-14T09:29:59Z,2025-10-14 14:59:59,2,16074,2,BUY,SELL,NIFTY14OCT2525600CE,NIFTY,NSE,,OPT,INTRADAY,2025-10-14T00:00:00.000Z,2025-10-14,2025-10-14 05:30:00,3.75625,25600,CE,1,75,300,150,10.55,0.15,0.15,0.15,0,0,1582.5,22.5,-1560,CALL_CREDIT_SPREAD,25300,25600,300,117.81,10.55,107.26,0.25,0.15,0.1,https://algos.dhan.co/managers/stratzy/ratio-fluxer-credit-spread-expiry/698075eaf867bf12b20442e5?tab=past-trades
4,2025-10,2025-10,Credit Spread 25300 / 25600 Short:10/10/2025 05:51,6981b86ba2d779f2330d2bc8,2025-10-10 05:51:00,2025-10-10T05:51:00Z,2025-10-10 11:21:00,330,2025-10-14T09:29:59Z,2025-10-14 14:59:59,5979,100,4,70000,31934.93,9.98,7930.467043,5.523144,2,Final Exit,6aa464fdae024f12303d8fc5,2025-10-14T09:29:59Z,2025-10-14 14:59:59,2,16074,1,SELL,BUY,NIFTY14OCT2525300CE,NIFTY,NSE,,OPT,INTRADAY,2025-10-14T00:00:00.000Z,2025-10-14,2025-10-14 05:30:00,3.75625,25300,CE,1,75,300,150,117.81,0.25,0.25,0.25,0,0,17671.5,37.5,17634,CALL_CREDIT_SPREAD,25300,25600,300,117.81,10.55,107.26,0.25,0.15,0.1,https://algos.dhan.co/managers/stratzy/ratio-fluxer-credit-spread-expiry/698075eaf867bf12b20442e5?tab=past-trades
5,2025-10,2025-10,Credit Spread 26050 / 26350 Short:23/10/2025 06:25,6981b86ba2d779f2330d2bcb,2025-10-23 06:25:00,2025-10-23T06:25:00Z,2025-10-23 11:55:00,330,2025-10-23T09:33:59Z,2025-10-23 15:03:59,189,100,4,70000,20125.12,6.29,4972.309106,3.281694,1,Target 1,6aa464fdae024f12303d8f9b,2025-10-23T09:33:59Z,2025-10-23 15:03:59,2,9944.62,2,BUY,SELL,NIFTY28OCT2526350CE,NIFTY,NSE,,OPT,INTRADAY,2025-10-28T00:00:00.000Z,2025-10-28,2025-10-28 05:30:00,4.732639,26350,CE,1,75,300,150,43.53,14.55,14.55,14.55,0,0,6529.5,2182.5,-4347,CALL_CREDIT_SPREAD,26050,26350,300,180.18,43.53,136.65,83.33,14.55,68.78,https://algos.dhan.co/managers/stratzy/ratio-fluxer-credit-spread-expiry/698075eaf867bf12b20442e5?tab=past-trades
5,2025-10,2025-10,Credit Spread 26050 / 26350 Short:23/10/2025 06:25,6981b86ba2d779f2330d2bcb,2025-10-23 06:25:00,2025-10-23T06:25:00Z,2025-10-23 11:55:00,330,2025-10-23T09:33:59Z,2025-10-23 15:03:59,189,100,4,70000,20125.12,6.29,4972.309106,3.281694,1,Target 1,6aa464fdae024f12303d8f9b,2025-10-23T09:33:59Z,2025-10-23 15:03:59,2,9944.62,1,SELL,BUY,NIFTY28OCT2526050CE,NIFTY,NSE,,OPT,INTRADAY,2025-10-28T00:00:00.000Z,2025-10-28,2025-10-28 05:30:00,4.732639,26050,CE,1,75,300,150,180.18,83.33,83.33,83.33,0,0,27027,12499.5,14527.5,CALL_CREDIT_SPREAD,26050,26350,300,180.18,43.53,136.65,83.33,14.55,68.78,https://algos.dhan.co/managers/stratzy/ratio-fluxer-credit-spread-expiry/698075eaf867bf12b20442e5?tab=past-trades
5,2025-10,2025-10,Credit Spread 26050 / 26350 Short:23/10/2025 06:25,6981b86ba2d779f2330d2bcb,2025-10-23 06:25:00,2025-10-23T06:25:00Z,2025-10-23 11:55:00,330,2025-10-23T09:33:59Z,2025-10-23 15:03:59,189,100,4,70000,20125.12,6.29,4972.309106,3.281694,2,Final Exit,6aa464fdae024f12303d8f9e,2025-10-23T09:33:59Z,2025-10-23 15:03:59,2,10180.5,2,BUY,SELL,NIFTY28OCT2526350CE,NIFTY,NSE,,OPT,INTRADAY,2025-10-28T00:00:00.000Z,2025-10-28,2025-10-28 05:30:00,4.732639,26350,CE,1,75,300,150,43.53,14.55,14.55,14.55,0,0,6529.5,2182.5,-4347,CALL_CREDIT_SPREAD,26050,26350,300,180.18,43.53,136.65,83.33,14.55,68.78,https://algos.dhan.co/managers/stratzy/ratio-fluxer-credit-spread-expiry/698075eaf867bf12b20442e5?tab=past-trades
5,2025-10,2025-10,Credit Spread 26050 / 26350 Short:23/10/2025 06:25,6981b86ba2d779f2330d2bcb,2025-10-23 06:25:00,2025-10-23T06:25:00Z,2025-10-23 11:55:00,330,2025-10-23T09:33:59Z,2025-10-23 15:03:59,189,100,4,70000,20125.12,6.29,4972.309106,3.281694,2,Final Exit,6aa464fdae024f12303d8f9e,2025-10-23T09:33:59Z,2025-10-23 15:03:59,2,10180.5,1,SELL,BUY,NIFTY28OCT2526050CE,NIFTY,NSE,,OPT,INTRADAY,2025-10-28T00:00:00.000Z,2025-10-28,2025-10-28 05:30:00,4.732639,26050,CE,1,75,300,150,180.18,83.33,83.33,83.33,0,0,27027,12499.5,14527.5,CALL_CREDIT_SPREAD,26050,26350,300,180.18,43.53,136.65,83.33,14.55,68.78,https://algos.dhan.co/managers/stratzy/ratio-fluxer-credit-spread-expiry/698075eaf867bf12b20442e5?tab=past-trades
6,2025-10,2025-10,Credit Spread 25950 / 26250 Short:27/10/2025 06:05,6981b86ba2d779f2330d2bce,2025-10-27 06:05:00,2025-10-27T06:05:00Z,2025-10-27 11:35:00,330,2025-10-28T09:29:59Z,2025-10-28 14:59:59,1645,100,4,70000,33840.56,10.58,8406.282033,5.371808,1,Target 1,6aa464fdae024f12303d8fc8,2025-10-28T09:29:59Z,2025-10-28 14:59:59,2,16812.56,1,SELL,BUY,NIFTY28OCT2525950CE,NIFTY,NSE,,OPT,INTRADAY,2025-10-28T00:00:00.000Z,2025-10-28,2025-10-28 05:30:00,0.746528,25950,CE,1,75,300,150,130.09,0.76,0.76,0.76,0,0,19513.5,114,19399.5,CALL_CREDIT_SPREAD,25950,26250,300,130.09,16.16,113.93,0.76,0.35,0.41,https://algos.dhan.co/managers/stratzy/ratio-fluxer-credit-spread-expiry/698075eaf867bf12b20442e5?tab=past-trades
6,2025-10,2025-10,Credit Spread 25950 / 26250 Short:27/10/2025 06:05,6981b86ba2d779f2330d2bce,2025-10-27 06:05:00,2025-10-27T06:05:00Z,2025-10-27 11:35:00,330,2025-10-28T09:29:59Z,2025-10-28 14:59:59,1645,100,4,70000,33840.56,10.58,8406.282033,5.371808,1,Target 1,6aa464fdae024f12303d8fc8,2025-10-28T09:29:59Z,2025-10-28 14:59:59,2,16812.56,2,BUY,SELL,NIFTY28OCT2526250CE,NIFTY,NSE,,OPT,INTRADAY,2025-10-28T00:00:00.000Z,2025-10-28,2025-10-28 05:30:00,0.746528,26250,CE,1,75,300,150,16.16,0.35,0.35,0.35,0,0,2424,52.5,-2371.5,CALL_CREDIT_SPREAD,25950,26250,300,130.09,16.16,113.93,0.76,0.35,0.41,https://algos.dhan.co/managers/stratzy/ratio-fluxer-credit-spread-expiry/698075eaf867bf12b20442e5?tab=past-trades
6,2025-10,2025-10,Credit Spread 25950 / 26250 Short:27/10/2025 06:05,6981b86ba2d779f2330d2bce,2025-10-27 06:05:00,2025-10-27T06:05:00Z,2025-10-27 11:35:00,330,2025-10-28T09:29:59Z,2025-10-28 14:59:59,1645,100,4,70000,33840.56,10.58,8406.282033,5.371808,2,Final Exit,6aa464fdae024f12303d8fcb,2025-10-28T09:29:59Z,2025-10-28 14:59:59,2,17028,1,SELL,BUY,NIFTY28OCT2525950CE,NIFTY,NSE,,OPT,INTRADAY,2025-10-28T00:00:00.000Z,2025-10-28,2025-10-28 05:30:00,0.746528,25950,CE,1,75,300,150,130.09,0.76,0.76,0.76,0,0,19513.5,114,19399.5,CALL_CREDIT_SPREAD,25950,26250,300,130.09,16.16,113.93,0.76,0.35,0.41,https://algos.dhan.co/managers/stratzy/ratio-fluxer-credit-spread-expiry/698075eaf867bf12b20442e5?tab=past-trades
6,2025-10,2025-10,Credit Spread 25950 / 26250 Short:27/10/2025 06:05,6981b86ba2d779f2330d2bce,2025-10-27 06:05:00,2025-10-27T06:05:00Z,2025-10-27 11:35:00,330,2025-10-28T09:29:59Z,2025-10-28 14:59:59,1645,100,4,70000,33840.56,10.58,8406.282033,5.371808,2,Final Exit,6aa464fdae024f12303d8fcb,2025-10-28T09:29:59Z,2025-10-28 14:59:59,2,17028,2,BUY,SELL,NIFTY28OCT2526250CE,NIFTY,NSE,,OPT,INTRADAY,2025-10-28T00:00:00.000Z,2025-10-28,2025-10-28 05:30:00,0.746528,26250,CE,1,75,300,150,16.16,0.35,0.35,0.35,0,0,2424,52.5,-2371.5,CALL_CREDIT_SPREAD,25950,26250,300,130.09,16.16,113.93,0.76,0.35,0.41,https://algos.dhan.co/managers/stratzy/ratio-fluxer-credit-spread-expiry/698075eaf867bf12b20442e5?tab=past-trades
7,2025-11,2025-11,Credit Spread 25750 / 26050 Short:03/11/2025 07:18,6981b86ba2d779f2330d2bd1,2025-11-03 07:18:00,2025-11-03T07:18:00Z,2025-11-03 12:48:00,330,2025-11-04T09:29:59Z,2025-11-04 14:59:59,1572,100,4,70000,21253.41,6.64,5261.954706,3.191091,1,Target 1,6aa464fdae024f12303d8fa1,2025-11-04T09:29:59Z,2025-11-04 14:59:59,2,10523.91,1,SELL,BUY,NIFTY04NOV2525750CE,NIFTY,NSE,,OPT,INTRADAY,2025-11-04T00:00:00.000Z,2025-11-04,2025-11-04 05:30:00,0.695833,25750,CE,1,75,300,150,83.46,0.71,0.71,0.71,0,0,12519,106.5,12412.5,CALL_CREDIT_SPREAD,25750,26050,300,83.46,11.67,71.79,0.71,0.45,0.26,https://algos.dhan.co/managers/stratzy/ratio-fluxer-credit-spread-expiry/698075eaf867bf12b20442e5?tab=past-trades
7,2025-11,2025-11,Credit Spread 25750 / 26050 Short:03/11/2025 07:18,6981b86ba2d779f2330d2bd1,2025-11-03 07:18:00,2025-11-03T07:18:00Z,2025-11-03 12:48:00,330,2025-11-04T09:29:59Z,2025-11-04 14:59:59,1572,100,4,70000,21253.41,6.64,5261.954706,3.191091,1,Target 1,6aa464fdae024f12303d8fa1,2025-11-04T09:29:59Z,2025-11-04 14:59:59,2,10523.91,2,BUY,SELL,NIFTY04NOV2526050CE,NIFTY,NSE,,OPT,INTRADAY,2025-11-04T00:00:00.000Z,2025-11-04,2025-11-04 05:30:00,0.695833,26050,CE,1,75,300,150,11.67,0.45,0.45,0.45,0,0,1750.5,67.5,-1683,CALL_CREDIT_SPREAD,25750,26050,300,83.46,11.67,71.79,0.71,0.45,0.26,https://algos.dhan.co/managers/stratzy/ratio-fluxer-credit-spread-expiry/698075eaf867bf12b20442e5?tab=past-trades
7,2025-11,2025-11,Credit Spread 25750 / 26050 Short:03/11/2025 07:18,6981b86ba2d779f2330d2bd1,2025-11-03 07:18:00,2025-11-03T07:18:00Z,2025-11-03 12:48:00,330,2025-11-04T09:29:59Z,2025-11-04 14:59:59,1572,100,4,70000,21253.41,6.64,5261.954706,3.191091,2,Final Exit,6aa464fdae024f12303d8fa4,2025-11-04T09:29:59Z,2025-11-04 14:59:59,2,10729.5,1,SELL,BUY,NIFTY04NOV2525750CE,NIFTY,NSE,,OPT,INTRADAY,2025-11-04T00:00:00.000Z,2025-11-04,2025-11-04 05:30:00,0.695833,25750,CE,1,75,300,150,83.46,0.71,0.71,0.71,0,0,12519,106.5,12412.5,CALL_CREDIT_SPREAD,25750,26050,300,83.46,11.67,71.79,0.71,0.45,0.26,https://algos.dhan.co/managers/stratzy/ratio-fluxer-credit-spread-expiry/698075eaf867bf12b20442e5?tab=past-trades
7,2025-11,2025-11,Credit Spread 25750 / 26050 Short:03/11/2025 07:18,6981b86ba2d779f2330d2bd1,2025-11-03 07:18:00,2025-11-03T07:18:00Z,2025-11-03 12:48:00,330,2025-11-04T09:29:59Z,2025-11-04 14:59:59,1572,100,4,70000,21253.41,6.64,5261.954706,3.191091,2,Final Exit,6aa464fdae024f12303d8fa4,2025-11-04T09:29:59Z,2025-11-04 14:59:59,2,10729.5,2,BUY,SELL,NIFTY04NOV2526050CE,NIFTY,NSE,,OPT,INTRADAY,2025-11-04T00:00:00.000Z,2025-11-04,2025-11-04 05:30:00,0.695833,26050,CE,1,75,300,150,11.67,0.45,0.45,0.45,0,0,1750.5,67.5,-1683,CALL_CREDIT_SPREAD,25750,26050,300,83.46,11.67,71.79,0.71,0.45,0.26,https://algos.dhan.co/managers/stratzy/ratio-fluxer-credit-spread-expiry/698075eaf867bf12b20442e5?tab=past-trades
8,2025-11,2025-11,Credit Spread 25950 / 26250 Short:17/11/2025 04:46,6981b86ba2d779f2330d2bd4,2025-11-17 04:46:00,2025-11-17T04:46:00Z,2025-11-17 10:16:00,330,2025-11-18T09:29:59Z,2025-11-18 14:59:59,1724,100,4,70000,24661.1,7.71,6113.047527,3.59259,1,Target 1,6aa464fdae024f12303d8fa7,2025-11-18T09:29:59Z,2025-11-18 14:59:59,2,12226.1,2,BUY,SELL,NIFTY18NOV2526250CE,NIFTY,NSE,,OPT,INTRADAY,2025-11-18T00:00:00.000Z,2025-11-18,2025-11-18 05:30:00,0.801389,26250,CE,1,75,300,150,8.08,0.2,0.2,0.2,0,0,1212,30,-1182,CALL_CREDIT_SPREAD,25950,26250,300,96.13,8.08,88.05,5.35,0.2,5.15,https://algos.dhan.co/managers/stratzy/ratio-fluxer-credit-spread-expiry/698075eaf867bf12b20442e5?tab=past-trades
8,2025-11,2025-11,Credit Spread 25950 / 26250 Short:17/11/2025 04:46,6981b86ba2d779f2330d2bd4,2025-11-17 04:46:00,2025-11-17T04:46:00Z,2025-11-17 10:16:00,330,2025-11-18T09:29:59Z,2025-11-18 14:59:59,1724,100,4,70000,24661.1,7.71,6113.047527,3.59259,1,Target 1,6aa464fdae024f12303d8fa7,2025-11-18T09:29:59Z,2025-11-18 14:59:59,2,12226.1,1,SELL,BUY,NIFTY18NOV2525950CE,NIFTY,NSE,,OPT,INTRADAY,2025-11-18T00:00:00.000Z,2025-11-18,2025-11-18 05:30:00,0.801389,25950,CE,1,75,300,150,96.13,5.35,5.35,5.35,0,0,14419.5,802.5,13617,CALL_CREDIT_SPREAD,25950,26250,300,96.13,8.08,88.05,5.35,0.2,5.15,https://algos.dhan.co/managers/stratzy/ratio-fluxer-credit-spread-expiry/698075eaf867bf12b20442e5?tab=past-trades
8,2025-11,2025-11,Credit Spread 25950 / 26250 Short:17/11/2025 04:46,6981b86ba2d779f2330d2bd4,2025-11-17 04:46:00,2025-11-17T04:46:00Z,2025-11-17 10:16:00,330,2025-11-18T09:29:59Z,2025-11-18 14:59:59,1724,100,4,70000,24661.1,7.71,6113.047527,3.59259,2,Final Exit,6aa464fdae024f12303d8faa,2025-11-18T09:29:59Z,2025-11-18 14:59:59,2,12435,2,BUY,SELL,NIFTY18NOV2526250CE,NIFTY,NSE,,OPT,INTRADAY,2025-11-18T00:00:00.000Z,2025-11-18,2025-11-18 05:30:00,0.801389,26250,CE,1,75,300,150,8.08,0.2,0.2,0.2,0,0,1212,30,-1182,CALL_CREDIT_SPREAD,25950,26250,300,96.13,8.08,88.05,5.35,0.2,5.15,https://algos.dhan.co/managers/stratzy/ratio-fluxer-credit-spread-expiry/698075eaf867bf12b20442e5?tab=past-trades
8,2025-11,2025-11,Credit Spread 25950 / 26250 Short:17/11/2025 04:46,6981b86ba2d779f2330d2bd4,2025-11-17 04:46:00,2025-11-17T04:46:00Z,2025-11-17 10:16:00,330,2025-11-18T09:29:59Z,2025-11-18 14:59:59,1724,100,4,70000,24661.1,7.71,6113.047527,3.59259,2,Final Exit,6aa464fdae024f12303d8faa,2025-11-18T09:29:59Z,2025-11-18 14:59:59,2,12435,1,SELL,BUY,NIFTY18NOV2525950CE,NIFTY,NSE,,OPT,INTRADAY,2025-11-18T00:00:00.000Z,2025-11-18,2025-11-18 05:30:00,0.801389,25950,CE,1,75,300,150,96.13,5.35,5.35,5.35,0,0,14419.5,802.5,13617,CALL_CREDIT_SPREAD,25950,26250,300,96.13,8.08,88.05,5.35,0.2,5.15,https://algos.dhan.co/managers/stratzy/ratio-fluxer-credit-spread-expiry/698075eaf867bf12b20442e5?tab=past-trades
9,2025-12,2025-12,Credit Spread 26100 / 26400 Short:08/12/2025 05:26,6981b86ba2d779f2330d2bd7,2025-12-08 05:26:00,2025-12-08T05:26:00Z,2025-12-08 10:56:00,330,2025-12-08T07:50:59Z,2025-12-08 13:20:59,145,100,4,70000,12871.18,4.02,3165.589894,1.795874,1,Target 1,6aa464fdae024f12303d8f83,2025-12-08T07:50:59Z,2025-12-08 13:20:59,2,6331.18,2,BUY,SELL,NIFTY09DEC2526400CE,NIFTY,NSE,,OPT,INTRADAY,2025-12-09T00:00:00.000Z,2025-12-09,2025-12-09 05:30:00,0.773611,26400,CE,1,75,300,150,4.24,3.32,3.32,3.32,0,0,636,498,-138,CALL_CREDIT_SPREAD,26100,26400,300,80.93,4.24,76.69,36.41,3.32,33.09,https://algos.dhan.co/managers/stratzy/ratio-fluxer-credit-spread-expiry/698075eaf867bf12b20442e5?tab=past-trades
9,2025-12,2025-12,Credit Spread 26100 / 26400 Short:08/12/2025 05:26,6981b86ba2d779f2330d2bd7,2025-12-08 05:26:00,2025-12-08T05:26:00Z,2025-12-08 10:56:00,330,2025-12-08T07:50:59Z,2025-12-08 13:20:59,145,100,4,70000,12871.18,4.02,3165.589894,1.795874,1,Target 1,6aa464fdae024f12303d8f83,2025-12-08T07:50:59Z,2025-12-08 13:20:59,2,6331.18,1,SELL,BUY,NIFTY09DEC2526100CE,NIFTY,NSE,,OPT,INTRADAY,2025-12-09T00:00:00.000Z,2025-12-09,2025-12-09 05:30:00,0.773611,26100,CE,1,75,300,150,80.93,36.41,36.41,36.41,0,0,12139.5,5461.5,6678,CALL_CREDIT_SPREAD,26100,26400,300,80.93,4.24,76.69,36.41,3.32,33.09,https://algos.dhan.co/managers/stratzy/ratio-fluxer-credit-spread-expiry/698075eaf867bf12b20442e5?tab=past-trades
9,2025-12,2025-12,Credit Spread 26100 / 26400 Short:08/12/2025 05:26,6981b86ba2d779f2330d2bd7,2025-12-08 05:26:00,2025-12-08T05:26:00Z,2025-12-08 10:56:00,330,2025-12-08T07:50:59Z,2025-12-08 13:20:59,145,100,4,70000,12871.18,4.02,3165.589894,1.795874,2,Final Exit,6aa464fdae024f12303d8f86,2025-12-08T07:50:59Z,2025-12-08 13:20:59,2,6540,2,BUY,SELL,NIFTY09DEC2526400CE,NIFTY,NSE,,OPT,INTRADAY,2025-12-09T00:00:00.000Z,2025-12-09,2025-12-09 05:30:00,0.773611,26400,CE,1,75,300,150,4.24,3.32,3.32,3.32,0,0,636,498,-138,CALL_CREDIT_SPREAD,26100,26400,300,80.93,4.24,76.69,36.41,3.32,33.09,https://algos.dhan.co/managers/stratzy/ratio-fluxer-credit-spread-expiry/698075eaf867bf12b20442e5?tab=past-trades
9,2025-12,2025-12,Credit Spread 26100 / 26400 Short:08/12/2025 05:26,6981b86ba2d779f2330d2bd7,2025-12-08 05:26:00,2025-12-08T05:26:00Z,2025-12-08 10:56:00,330,2025-12-08T07:50:59Z,2025-12-08 13:20:59,145,100,4,70000,12871.18,4.02,3165.589894,1.795874,2,Final Exit,6aa464fdae024f12303d8f86,2025-12-08T07:50:59Z,2025-12-08 13:20:59,2,6540,1,SELL,BUY,NIFTY09DEC2526100CE,NIFTY,NSE,,OPT,INTRADAY,2025-12-09T00:00:00.000Z,2025-12-09,2025-12-09 05:30:00,0.773611,26100,CE,1,75,300,150,80.93,36.41,36.41,36.41,0,0,12139.5,5461.5,6678,CALL_CREDIT_SPREAD,26100,26400,300,80.93,4.24,76.69,36.41,3.32,33.09,https://algos.dhan.co/managers/stratzy/ratio-fluxer-credit-spread-expiry/698075eaf867bf12b20442e5?tab=past-trades
10,2025-12,2025-12,Credit Spread 25950 / 26250 Short:08/12/2025 07:53,6981b86ba2d779f2330d2bda,2025-12-08 07:53:00,2025-12-08T07:53:00Z,2025-12-08 13:23:00,330,2025-12-09T09:29:59Z,2025-12-09 14:59:59,1537,100,4,70000,27554.59,8.61,6836.047111,3.809747,1,Target 1,6aa464fdae024f12303d8fb0,2025-12-09T09:29:59Z,2025-12-09 14:59:59,2,13672.09,1,SELL,BUY,NIFTY09DEC2525950CE,NIFTY,NSE,,OPT,INTRADAY,2025-12-09T00:00:00.000Z,2025-12-09,2025-12-09 05:30:00,0.671528,25950,CE,1,75,300,150,101.23,0.4,0.4,0.4,0,0,15184.5,60,15124.5,CALL_CREDIT_SPREAD,25950,26250,300,101.23,8.48,92.75,0.4,0.2,0.2,https://algos.dhan.co/managers/stratzy/ratio-fluxer-credit-spread-expiry/698075eaf867bf12b20442e5?tab=past-trades
10,2025-12,2025-12,Credit Spread 25950 / 26250 Short:08/12/2025 07:53,6981b86ba2d779f2330d2bda,2025-12-08 07:53:00,2025-12-08T07:53:00Z,2025-12-08 13:23:00,330,2025-12-09T09:29:59Z,2025-12-09 14:59:59,1537,100,4,70000,27554.59,8.61,6836.047111,3.809747,1,Target 1,6aa464fdae024f12303d8fb0,2025-12-09T09:29:59Z,2025-12-09 14:59:59,2,13672.09,2,BUY,SELL,NIFTY09DEC2526250CE,NIFTY,NSE,,OPT,INTRADAY,2025-12-09T00:00:00.000Z,2025-12-09,2025-12-09 05:30:00,0.671528,26250,CE,1,75,300,150,8.48,0.2,0.2,0.2,0,0,1272,30,-1242,CALL_CREDIT_SPREAD,25950,26250,300,101.23,8.48,92.75,0.4,0.2,0.2,https://algos.dhan.co/managers/stratzy/ratio-fluxer-credit-spread-expiry/698075eaf867bf12b20442e5?tab=past-trades
10,2025-12,2025-12,Credit Spread 25950 / 26250 Short:08/12/2025 07:53,6981b86ba2d779f2330d2bda,2025-12-08 07:53:00,2025-12-08T07:53:00Z,2025-12-08 13:23:00,330,2025-12-09T09:29:59Z,2025-12-09 14:59:59,1537,100,4,70000,27554.59,8.61,6836.047111,3.809747,2,Final Exit,6aa464fdae024f12303d8fb3,2025-12-09T09:29:59Z,2025-12-09 14:59:59,2,13882.5,1,SELL,BUY,NIFTY09DEC2525950CE,NIFTY,NSE,,OPT,INTRADAY,2025-12-09T00:00:00.000Z,2025-12-09,2025-12-09 05:30:00,0.671528,25950,CE,1,75,300,150,101.23,0.4,0.4,0.4,0,0,15184.5,60,15124.5,CALL_CREDIT_SPREAD,25950,26250,300,101.23,8.48,92.75,0.4,0.2,0.2,https://algos.dhan.co/managers/stratzy/ratio-fluxer-credit-spread-expiry/698075eaf867bf12b20442e5?tab=past-trades
10,2025-12,2025-12,Credit Spread 25950 / 26250 Short:08/12/2025 07:53,6981b86ba2d779f2330d2bda,2025-12-08 07:53:00,2025-12-08T07:53:00Z,2025-12-08 13:23:00,330,2025-12-09T09:29:59Z,2025-12-09 14:59:59,1537,100,4,70000,27554.59,8.61,6836.047111,3.809747,2,Final Exit,6aa464fdae024f12303d8fb3,2025-12-09T09:29:59Z,2025-12-09 14:59:59,2,13882.5,2,BUY,SELL,NIFTY09DEC2526250CE,NIFTY,NSE,,OPT,INTRADAY,2025-12-09T00:00:00.000Z,2025-12-09,2025-12-09 05:30:00,0.671528,26250,CE,1,75,300,150,8.48,0.2,0.2,0.2,0,0,1272,30,-1242,CALL_CREDIT_SPREAD,25950,26250,300,101.23,8.48,92.75,0.4,0.2,0.2,https://algos.dhan.co/managers/stratzy/ratio-fluxer-credit-spread-expiry/698075eaf867bf12b20442e5?tab=past-trades
11,2025-12,2025-12,Credit Spread 25850 / 26150 Long:22/12/2025 09:08,6981b86ba2d779f2330d2bdd,2025-12-22 09:08:00,2025-12-22T09:08:00Z,2025-12-22 14:38:00,330,2025-12-23T09:29:59Z,2025-12-23 14:59:59,1462,100,4,70000,13654.57,4.27,3363.786274,1.805849,1,Target 1,6aa464fdae024f12303d8f8c,2025-12-23T09:29:59Z,2025-12-23 14:59:59,2,6727.57,1,SELL,BUY,NIFTY23DEC2526150PE,NIFTY,NSE,,OPT,INTRADAY,2025-12-23T00:00:00.000Z,2025-12-23,2025-12-23 05:30:00,0.619444,26150,PE,1,75,300,150,51.28,0.86,0.86,0.86,0,0,7692,129,7563,PUT_CREDIT_SPREAD,26150,25850,300,51.28,4.49,46.79,0.86,0.25,0.61,https://algos.dhan.co/managers/stratzy/ratio-fluxer-credit-spread-expiry/698075eaf867bf12b20442e5?tab=past-trades
11,2025-12,2025-12,Credit Spread 25850 / 26150 Long:22/12/2025 09:08,6981b86ba2d779f2330d2bdd,2025-12-22 09:08:00,2025-12-22T09:08:00Z,2025-12-22 14:38:00,330,2025-12-23T09:29:59Z,2025-12-23 14:59:59,1462,100,4,70000,13654.57,4.27,3363.786274,1.805849,1,Target 1,6aa464fdae024f12303d8f8c,2025-12-23T09:29:59Z,2025-12-23 14:59:59,2,6727.57,2,BUY,SELL,NIFTY23DEC2525850PE,NIFTY,NSE,,OPT,INTRADAY,2025-12-23T00:00:00.000Z,2025-12-23,2025-12-23 05:30:00,0.619444,25850,PE,1,75,300,150,4.49,0.25,0.25,0.25,0,0,673.5,37.5,-636,PUT_CREDIT_SPREAD,26150,25850,300,51.28,4.49,46.79,0.86,0.25,0.61,https://algos.dhan.co/managers/stratzy/ratio-fluxer-credit-spread-expiry/698075eaf867bf12b20442e5?tab=past-trades
11,2025-12,2025-12,Credit Spread 25850 / 26150 Long:22/12/2025 09:08,6981b86ba2d779f2330d2bdd,2025-12-22 09:08:00,2025-12-22T09:08:00Z,2025-12-22 14:38:00,330,2025-12-23T09:29:59Z,2025-12-23 14:59:59,1462,100,4,70000,13654.57,4.27,3363.786274,1.805849,2,Final Exit,6aa464fdae024f12303d8f8f,2025-12-23T09:29:59Z,2025-12-23 14:59:59,2,6927,1,SELL,BUY,NIFTY23DEC2526150PE,NIFTY,NSE,,OPT,INTRADAY,2025-12-23T00:00:00.000Z,2025-12-23,2025-12-23 05:30:00,0.619444,26150,PE,1,75,300,150,51.28,0.86,0.86,0.86,0,0,7692,129,7563,PUT_CREDIT_SPREAD,26150,25850,300,51.28,4.49,46.79,0.86,0.25,0.61,https://algos.dhan.co/managers/stratzy/ratio-fluxer-credit-spread-expiry/698075eaf867bf12b20442e5?tab=past-trades
11,2025-12,2025-12,Credit Spread 25850 / 26150 Long:22/12/2025 09:08,6981b86ba2d779f2330d2bdd,2025-12-22 09:08:00,2025-12-22T09:08:00Z,2025-12-22 14:38:00,330,2025-12-23T09:29:59Z,2025-12-23 14:59:59,1462,100,4,70000,13654.57,4.27,3363.786274,1.805849,2,Final Exit,6aa464fdae024f12303d8f8f,2025-12-23T09:29:59Z,2025-12-23 14:59:59,2,6927,2,BUY,SELL,NIFTY23DEC2525850PE,NIFTY,NSE,,OPT,INTRADAY,2025-12-23T00:00:00.000Z,2025-12-23,2025-12-23 05:30:00,0.619444,25850,PE,1,75,300,150,4.49,0.25,0.25,0.25,0,0,673.5,37.5,-636,PUT_CREDIT_SPREAD,26150,25850,300,51.28,4.49,46.79,0.86,0.25,0.61,https://algos.dhan.co/managers/stratzy/ratio-fluxer-credit-spread-expiry/698075eaf867bf12b20442e5?tab=past-trades
12,2026-03,2026-03,Ratio-Fluxer Credit Spread Expiry:09/03/2026 10:52,69ae59316741b948482bb11d,2026-03-09 10:52:00,2026-03-09T05:22:57.275Z,2026-03-09 10:52:57,1,2026-03-09T09:16:00.78Z,2026-03-09 14:46:00,233,80,4,57916.3,-13442,-5.25,-3360.5,-5.8,1,Final Exit,6aa464fdae024f12303d8f77,2026-03-09T09:16:00.78Z,2026-03-09 14:46:00,4,-13442,1,BUY,SELL,NIFTY2631024200CE,NIFTY,NSE,45482,OPT,CARRYFORWARD,2026-03-10T18:29:59.999Z,2026-03-10,2026-03-10 23:59:59,1.546559,24200,CE,1,65,260,260,69,107.8,107.8,107.8,0,0,17940,28028,10088,CALL_CREDIT_SPREAD,23800,24200,400,243.3,69,174.3,333.8,107.8,226,https://algos.dhan.co/managers/stratzy/ratio-fluxer-credit-spread-expiry/698075eaf867bf12b20442e5?tab=past-trades
12,2026-03,2026-03,Ratio-Fluxer Credit Spread Expiry:09/03/2026 10:52,69ae59316741b948482bb11d,2026-03-09 10:52:00,2026-03-09T05:22:57.275Z,2026-03-09 10:52:57,1,2026-03-09T09:16:00.78Z,2026-03-09 14:46:00,233,80,4,57916.3,-13442,-5.25,-3360.5,-5.8,1,Final Exit,6aa464fdae024f12303d8f77,2026-03-09T09:16:00.78Z,2026-03-09 14:46:00,4,-13442,2,SELL,BUY,NIFTY2631023800CE,NIFTY,NSE,45456,OPT,CARRYFORWARD,2026-03-10T18:29:59.999Z,2026-03-10,2026-03-10 23:59:59,1.546559,23800,CE,1,65,260,260,243.3,333.8,333.8,333.8,0,0,63258,86788,-23530,CALL_CREDIT_SPREAD,23800,24200,400,243.3,69,174.3,333.8,107.8,226,https://algos.dhan.co/managers/stratzy/ratio-fluxer-credit-spread-expiry/698075eaf867bf12b20442e5?tab=past-trades
13,2026-05,2026-05,Ratio-Fluxer Credit Spread Expiry:04/05/2026 10:34,69f828fbdfb0b27b4a0e789a,2026-05-04 10:34:00,2026-05-04T05:04:59.146Z,2026-05-04 10:34:59,1,2026-05-04T07:59:04.981Z,2026-05-04 13:29:04,174,80,4,61394.97,15288,5.97,3822,6.23,1,Final Exit,6aa464fdae024f12303d8f95,2026-05-04T07:59:04.981Z,2026-05-04 13:29:04,4,15288,2,BUY,SELL,NIFTY2650524600CE,NIFTY,NSE,74199,OPT,CARRYFORWARD,2026-05-05T18:29:59.999Z,2026-05-05,2026-05-05 23:59:59,1.559038,24600,CE,1,65,260,260,19.35,9.55,9.55,9.55,0,0,5031,2483,-2548,CALL_CREDIT_SPREAD,24200,24600,400,134.25,19.35,114.9,65.65,9.55,56.1,https://algos.dhan.co/managers/stratzy/ratio-fluxer-credit-spread-expiry/698075eaf867bf12b20442e5?tab=past-trades
13,2026-05,2026-05,Ratio-Fluxer Credit Spread Expiry:04/05/2026 10:34,69f828fbdfb0b27b4a0e789a,2026-05-04 10:34:00,2026-05-04T05:04:59.146Z,2026-05-04 10:34:59,1,2026-05-04T07:59:04.981Z,2026-05-04 13:29:04,174,80,4,61394.97,15288,5.97,3822,6.23,1,Final Exit,6aa464fdae024f12303d8f95,2026-05-04T07:59:04.981Z,2026-05-04 13:29:04,4,15288,1,SELL,BUY,NIFTY2650524200CE,NIFTY,NSE,74167,OPT,CARRYFORWARD,2026-05-05T18:29:59.999Z,2026-05-05,2026-05-05 23:59:59,1.559038,24200,CE,1,65,260,260,134.25,65.65,65.65,65.65,0,0,34905,17069,17836,CALL_CREDIT_SPREAD,24200,24600,400,134.25,19.35,114.9,65.65,9.55,56.1,https://algos.dhan.co/managers/stratzy/ratio-fluxer-credit-spread-expiry/698075eaf867bf12b20442e5?tab=past-trades
14,2026-05,2026-05,Ratio-Fluxer Credit Spread Expiry:18/05/2026 12:05,6a0ab34e3d7fa1213afde4ee,2026-05-18 12:05:00,2026-05-18T06:35:58.218Z,2026-05-18 12:05:58,1,2026-05-18T07:33:26.186Z,2026-05-18 13:03:26,57,80,4,59795.84,15470,6.04,3867.5,6.47,1,Final Exit,6aa464fdae024f12303d8f98,2026-05-18T07:33:26.186Z,2026-05-18 13:03:26,4,15470,1,BUY,SELL,NIFTY2651923100PE,NIFTY,NSE,51315,OPT,CARRYFORWARD,2026-05-19T18:29:59.999Z,2026-05-19,2026-05-19 23:59:59,1.495854,23100,PE,1,65,260,260,24.65,14.95,14.95,14.95,0,0,6409,3887,-2522,PUT_CREDIT_SPREAD,23500,23100,400,142.8,24.65,118.15,73.6,14.95,58.65,https://algos.dhan.co/managers/stratzy/ratio-fluxer-credit-spread-expiry/698075eaf867bf12b20442e5?tab=past-trades
14,2026-05,2026-05,Ratio-Fluxer Credit Spread Expiry:18/05/2026 12:05,6a0ab34e3d7fa1213afde4ee,2026-05-18 12:05:00,2026-05-18T06:35:58.218Z,2026-05-18 12:05:58,1,2026-05-18T07:33:26.186Z,2026-05-18 13:03:26,57,80,4,59795.84,15470,6.04,3867.5,6.47,1,Final Exit,6aa464fdae024f12303d8f98,2026-05-18T07:33:26.186Z,2026-05-18 13:03:26,4,15470,2,SELL,BUY,NIFTY2651923500PE,NIFTY,NSE,51355,OPT,CARRYFORWARD,2026-05-19T18:29:59.999Z,2026-05-19,2026-05-19 23:59:59,1.495854,23500,PE,1,65,260,260,142.8,73.6,73.6,73.6,0,0,37128,19136,17992,PUT_CREDIT_SPREAD,23500,23100,400,142.8,24.65,118.15,73.6,14.95,58.65,https://algos.dhan.co/managers/stratzy/ratio-fluxer-credit-spread-expiry/698075eaf867bf12b20442e5?tab=past-trades
15,2026-07,2026-07,Ratio-Fluxer Credit Spread Expiry:13/07/2026 10:27,6a5470522070b35ed7fbe0d5,2026-07-13 10:27:00,2026-07-13T04:57:54.622Z,2026-07-13 10:27:54,1,2026-07-13T07:22:17.687Z,2026-07-13 12:52:17,144,80,4,56799.93,10361,4.05,2590.25,4.56,1,Final Exit,6aa464fdae024f12303d8f89,2026-07-13T07:22:17.687Z,2026-07-13 12:52:17,4,10361,1,SELL,BUY,NIFTY2671424100PE,NIFTY,NSE,51376,OPT,CARRYFORWARD,2026-07-14T18:29:59.999Z,2026-07-14,2026-07-14 23:59:59,1.563951,24100,PE,1,65,260,260,89.25,48.4,48.4,48.4,0,0,23205,12584,10621,PUT_CREDIT_SPREAD,24100,23700,400,89.25,9.8,79.45,48.4,8.8,39.6,https://algos.dhan.co/managers/stratzy/ratio-fluxer-credit-spread-expiry/698075eaf867bf12b20442e5?tab=past-trades
15,2026-07,2026-07,Ratio-Fluxer Credit Spread Expiry:13/07/2026 10:27,6a5470522070b35ed7fbe0d5,2026-07-13 10:27:00,2026-07-13T04:57:54.622Z,2026-07-13 10:27:54,1,2026-07-13T07:22:17.687Z,2026-07-13 12:52:17,144,80,4,56799.93,10361,4.05,2590.25,4.56,1,Final Exit,6aa464fdae024f12303d8f89,2026-07-13T07:22:17.687Z,2026-07-13 12:52:17,4,10361,2,BUY,SELL,NIFTY2671423700PE,NIFTY,NSE,51356,OPT,CARRYFORWARD,2026-07-14T18:29:59.999Z,2026-07-14,2026-07-14 23:59:59,1.563951,23700,PE,1,65,260,260,9.8,8.8,8.8,8.8,0,0,2548,2288,-260,PUT_CREDIT_SPREAD,24100,23700,400,89.25,9.8,79.45,48.4,8.8,39.6,https://algos.dhan.co/managers/stratzy/ratio-fluxer-credit-spread-expiry/698075eaf867bf12b20442e5?tab=past-trades
16,2026-07,2026-07,Ratio-Fluxer Credit Spread Expiry:17/07/2026 10:52,6a59bc2a6a67bf1e7c065776,2026-07-17 10:52:00,2026-07-17T05:22:50.65Z,2026-07-17 10:52:50,1,2026-07-21T09:27:29.768Z,2026-07-21 14:57:29,6005,100,5,59083.57,15258.75,4.77,3051.75,5.17,1,Final Exit,6aa464fdae024f12303d8f92,2026-07-21T09:27:29.768Z,2026-07-21 14:57:29,5,15258.75,1,BUY,SELL,NIFTY2672123850PE,NIFTY,NSE,57335,OPT,CARRYFORWARD,2026-07-21T18:29:59.999Z,2026-07-21,2026-07-21 23:59:59,4.546636,23850,PE,1,65,325,325,29.75,0.2,0.2,0.2,0,0,9668.75,65,-9603.75,PUT_CREDIT_SPREAD,24250,23850,400,146.1,29.75,116.35,69.6,0.2,69.4,https://algos.dhan.co/managers/stratzy/ratio-fluxer-credit-spread-expiry/698075eaf867bf12b20442e5?tab=past-trades
16,2026-07,2026-07,Ratio-Fluxer Credit Spread Expiry:17/07/2026 10:52,6a59bc2a6a67bf1e7c065776,2026-07-17 10:52:00,2026-07-17T05:22:50.65Z,2026-07-17 10:52:50,1,2026-07-21T09:27:29.768Z,2026-07-21 14:57:29,6005,100,5,59083.57,15258.75,4.77,3051.75,5.17,1,Final Exit,6aa464fdae024f12303d8f92,2026-07-21T09:27:29.768Z,2026-07-21 14:57:29,5,15258.75,2,SELL,BUY,NIFTY2672124250PE,NIFTY,NSE,57351,OPT,CARRYFORWARD,2026-07-21T18:29:59.999Z,2026-07-21,2026-07-21 23:59:59,4.546636,24250,PE,1,65,325,325,146.1,69.6,69.6,69.6,0,0,47482.5,22620,24862.5,PUT_CREDIT_SPREAD,24250,23850,400,146.1,29.75,116.35,69.6,0.2,69.4,https://algos.dhan.co/managers/stratzy/ratio-fluxer-credit-spread-expiry/698075eaf867bf12b20442e5?tab=past-trades
17,2026-08,2026-08,Ratio-Fluxer Credit Spread Expiry:10/08/2026 11:36,6a796a725eb24d8e8fa3c857,2026-08-10 11:36:00,2026-08-10T06:06:42.772Z,2026-08-10 11:36:42,1,2026-08-11T09:27:33.502Z,2026-08-11 14:57:33,1641,80,4,58451.64,23023,8.99,5755.75,9.85,1,Final Exit,6aa464fdae024f12303d8fb6,2026-08-11T09:27:33.502Z,2026-08-11 14:57:33,4,23023,1,BUY,SELL,NIFTY2681125000CE,NIFTY,NSE,41037,OPT,CARRYFORWARD,2026-08-11T18:29:59.999Z,2026-08-11,2026-08-11 23:59:59,1.516172,25000,CE,1,65,260,260,4.5,0.1,0.1,0.1,0,0,1170,26,-1144,CALL_CREDIT_SPREAD,24600,25000,400,97.35,4.5,92.85,4.4,0.1,4.3,https://algos.dhan.co/managers/stratzy/ratio-fluxer-credit-spread-expiry/698075eaf867bf12b20442e5?tab=past-trades
17,2026-08,2026-08,Ratio-Fluxer Credit Spread Expiry:10/08/2026 11:36,6a796a725eb24d8e8fa3c857,2026-08-10 11:36:00,2026-08-10T06:06:42.772Z,2026-08-10 11:36:42,1,2026-08-11T09:27:33.502Z,2026-08-11 14:57:33,1641,80,4,58451.64,23023,8.99,5755.75,9.85,1,Final Exit,6aa464fdae024f12303d8fb6,2026-08-11T09:27:33.502Z,2026-08-11 14:57:33,4,23023,2,SELL,BUY,NIFTY2681124600CE,NIFTY,NSE,41015,OPT,CARRYFORWARD,2026-08-11T18:29:59.999Z,2026-08-11,2026-08-11 23:59:59,1.516172,24600,CE,1,65,260,260,97.35,4.4,4.4,4.4,0,0,25311,1144,24167,CALL_CREDIT_SPREAD,24600,25000,400,97.35,4.5,92.85,4.4,0.1,4.3,https://algos.dhan.co/managers/stratzy/ratio-fluxer-credit-spread-expiry/698075eaf867bf12b20442e5?tab=past-trades
18,2026-08,2026-08,Ratio-Fluxer Credit Spread Expiry:13/08/2026 13:15,6a7d7627cc8d71cae44a25ba,2026-08-13 13:15:00,2026-08-13T07:45:43.758Z,2026-08-13 13:15:43,1,2026-08-18T09:27:29.69Z,2026-08-18 14:57:29,7302,100,5,57159.05,43257.5,13.52,8651.5,15.14,1,Final Exit,6aa464fdae024f12303d8fce,2026-08-18T09:27:29.69Z,2026-08-18 14:57:29,5,43257.5,1,SELL,BUY,NIFTY2681824350CE,NIFTY,NSE,45104,OPT,CARRYFORWARD,2026-08-18T18:29:59.999Z,2026-08-18,2026-08-18 23:59:59,5.44741,24350,CE,1,65,325,325,147.65,1.55,1.55,1.55,0,0,47986.25,503.75,47482.5,CALL_CREDIT_SPREAD,24350,24750,400,147.65,13.1,134.55,1.55,0.1,1.45,https://algos.dhan.co/managers/stratzy/ratio-fluxer-credit-spread-expiry/698075eaf867bf12b20442e5?tab=past-trades
18,2026-08,2026-08,Ratio-Fluxer Credit Spread Expiry:13/08/2026 13:15,6a7d7627cc8d71cae44a25ba,2026-08-13 13:15:00,2026-08-13T07:45:43.758Z,2026-08-13 13:15:43,1,2026-08-18T09:27:29.69Z,2026-08-18 14:57:29,7302,100,5,57159.05,43257.5,13.52,8651.5,15.14,1,Final Exit,6aa464fdae024f12303d8fce,2026-08-18T09:27:29.69Z,2026-08-18 14:57:29,5,43257.5,2,BUY,SELL,NIFTY2681824750CE,NIFTY,NSE,45132,OPT,CARRYFORWARD,2026-08-18T18:29:59.999Z,2026-08-18,2026-08-18 23:59:59,5.44741,24750,CE,1,65,325,325,13.1,0.1,0.1,0.1,0,0,4257.5,32.5,-4225,CALL_CREDIT_SPREAD,24350,24750,400,147.65,13.1,134.55,1.55,0.1,1.45,https://algos.dhan.co/managers/stratzy/ratio-fluxer-credit-spread-expiry/698075eaf867bf12b20442e5?tab=past-trades
19,2026-08,2026-08,Ratio-Fluxer Credit Spread Expiry:20/08/2026 13:17,6a86b11fcd216e0b34381562,2026-08-20 13:17:00,2026-08-20T07:47:43.729Z,2026-08-20 13:17:43,1,2026-08-25T09:27:29.407Z,2026-08-25 14:57:29,7300,100,5,54908.88,31703.75,9.91,6340.75,11.55,1,Final Exit,6aa464fdae024f12303d8fbf,2026-08-25T09:27:29.407Z,2026-08-25 14:57:29,5,31703.75,1,BUY,SELL,NIFTY26AUG24650CE,NIFTY,NSE,61778,OPT,CARRYFORWARD,2026-08-25T18:29:59.999Z,2026-08-25,2026-08-25 23:59:59,5.446022,24650,CE,1,65,325,325,8.05,0.15,0.15,0.15,0,0,2616.25,48.75,-2567.5,CALL_CREDIT_SPREAD,24250,24650,400,137.9,8.05,129.85,32.45,0.15,32.3,https://algos.dhan.co/managers/stratzy/ratio-fluxer-credit-spread-expiry/698075eaf867bf12b20442e5?tab=past-trades
19,2026-08,2026-08,Ratio-Fluxer Credit Spread Expiry:20/08/2026 13:17,6a86b11fcd216e0b34381562,2026-08-20 13:17:00,2026-08-20T07:47:43.729Z,2026-08-20 13:17:43,1,2026-08-25T09:27:29.407Z,2026-08-25 14:57:29,7300,100,5,54908.88,31703.75,9.91,6340.75,11.55,1,Final Exit,6aa464fdae024f12303d8fbf,2026-08-25T09:27:29.407Z,2026-08-25 14:57:29,5,31703.75,2,SELL,BUY,NIFTY26AUG24250CE,NIFTY,NSE,61671,OPT,CARRYFORWARD,2026-08-25T18:29:59.999Z,2026-08-25,2026-08-25 23:59:59,5.446022,24250,CE,1,65,325,325,137.9,32.45,32.45,32.45,0,0,44817.5,10546.25,34271.25,CALL_CREDIT_SPREAD,24250,24650,400,137.9,8.05,129.85,32.45,0.15,32.3,https://algos.dhan.co/managers/stratzy/ratio-fluxer-credit-spread-expiry/698075eaf867bf12b20442e5?tab=past-trades
20,2026-08,2026-09,Ratio-Fluxer Credit Spread Expiry:27/08/2026 12:40,6a8fe2f375ab1ae3031272b6,2026-08-27 12:40:00,2026-08-27T07:10:43.683Z,2026-08-27 12:40:43,1,2026-09-01T09:27:29.389Z,2026-09-01 14:57:29,7337,100,5,61403.68,45451.25,14.2,9090.25,14.8,1,Final Exit,6aa464fdae024f12303d8fd1,2026-09-01T09:27:29.389Z,2026-09-01 14:57:29,5,45451.25,2,BUY,SELL,NIFTY2690124550CE,NIFTY,NSE,47007,OPT,CARRYFORWARD,2026-09-01T18:29:59.999Z,2026-09-01,2026-09-01 23:59:59,5.471717,24550,CE,1,65,325,325,18.3,0.35,0.35,0.35,0,0,5947.5,113.75,-5833.75,CALL_CREDIT_SPREAD,24150,24550,400,160.6,18.3,142.3,2.8,0.35,2.45,https://algos.dhan.co/managers/stratzy/ratio-fluxer-credit-spread-expiry/698075eaf867bf12b20442e5?tab=past-trades
20,2026-08,2026-09,Ratio-Fluxer Credit Spread Expiry:27/08/2026 12:40,6a8fe2f375ab1ae3031272b6,2026-08-27 12:40:00,2026-08-27T07:10:43.683Z,2026-08-27 12:40:43,1,2026-09-01T09:27:29.389Z,2026-09-01 14:57:29,7337,100,5,61403.68,45451.25,14.2,9090.25,14.8,1,Final Exit,6aa464fdae024f12303d8fd1,2026-09-01T09:27:29.389Z,2026-09-01 14:57:29,5,45451.25,1,SELL,BUY,NIFTY2690124150CE,NIFTY,NSE,46991,OPT,CARRYFORWARD,2026-09-01T18:29:59.999Z,2026-09-01,2026-09-01 23:59:59,5.471717,24150,CE,1,65,325,325,160.6,2.8,2.8,2.8,0,0,52195,910,51285,CALL_CREDIT_SPREAD,24150,24550,400,160.6,18.3,142.3,2.8,0.35,2.45,https://algos.dhan.co/managers/stratzy/ratio-fluxer-credit-spread-expiry/698075eaf867bf12b20442e5?tab=past-trades
21,2026-09,2026-09,Ratio-Fluxer Credit Spread Expiry:07/09/2026 10:49,6a9e496f485ae21f825b4521,2026-09-07 10:49:00,2026-09-07T05:19:43.888Z,2026-09-07 10:49:43,1,2026-09-08T09:27:35.231Z,2026-09-08 14:57:35,1688,80,4,59493.33,20787,8.12,5196.75,8.74,1,Final Exit,6aa464fdae024f12303d8fad,2026-09-08T09:27:35.231Z,2026-09-08 14:57:35,4,20787,1,SELL,BUY,NIFTY2690823800CE,NIFTY,NSE,42631,OPT,CARRYFORWARD,2026-09-08T18:29:59.999Z,2026-09-08,2026-09-08 23:59:59,1.548798,23800,CE,1,65,260,260,89.45,4.65,4.65,4.65,0,0,23257,1209,22048,CALL_CREDIT_SPREAD,23800,24200,400,89.45,5.15,84.3,4.65,0.3,4.35,https://algos.dhan.co/managers/stratzy/ratio-fluxer-credit-spread-expiry/698075eaf867bf12b20442e5?tab=past-trades
21,2026-09,2026-09,Ratio-Fluxer Credit Spread Expiry:07/09/2026 10:49,6a9e496f485ae21f825b4521,2026-09-07 10:49:00,2026-09-07T05:19:43.888Z,2026-09-07 10:49:43,1,2026-09-08T09:27:35.231Z,2026-09-08 14:57:35,1688,80,4,59493.33,20787,8.12,5196.75,8.74,1,Final Exit,6aa464fdae024f12303d8fad,2026-09-08T09:27:35.231Z,2026-09-08 14:57:35,4,20787,2,BUY,SELL,NIFTY2690824200CE,NIFTY,NSE,42647,OPT,CARRYFORWARD,2026-09-08T18:29:59.999Z,2026-09-08,2026-09-08 23:59:59,1.548798,24200,CE,1,65,260,260,5.15,0.3,0.3,0.3,0,0,1339,78,-1261,CALL_CREDIT_SPREAD,23800,24200,400,89.45,5.15,84.3,4.65,0.3,4.35,https://algos.dhan.co/managers/stratzy/ratio-fluxer-credit-spread-expiry/698075eaf867bf12b20442e5?tab=past-trades
